{"last_tab":"","body_layout":"wide","container_width":{"width":"1240px","units":"px"},"page_loader":"1","select_cursor":"style2","th_select_stylesheet":"","th_primary_color":"","body_background":{"background-color":"#fff","background-repeat":"","background-size":"","background-attachment":"","background-position":"","background-image":"","media":{"id":"","height":"","width":"","thumbnail":""}},"body_font":{"font-family":"Roboto","font-options":"","google":"1","font-backup":"","font-weight":"400","font-style":"","subsets":"","text-align":"","font-size":"16px","line-height":"30px","letter-spacing":"0px","color":"#5b6674"},"h1_font":{"font-family":"IBM Plex Sans","font-options":"","google":"1","font-backup":"","font-weight":"600","font-style":"","subsets":"","text-align":"","font-size":"54px","line-height":"48px","letter-spacing":"","color":"#14133b"},"h2_font":{"font-family":"IBM Plex Sans","font-options":"","google":"1","font-backup":"","font-weight":"600","font-style":"","subsets":"","text-align":"","font-size":"42px","line-height":"48px","letter-spacing":"","color":"#14133b"},"h3_font":{"font-family":"IBM Plex Sans","font-options":"","google":"1","font-backup":"","font-weight":"600","font-style":"","subsets":"","text-align":"","font-size":"36px","line-height":"42px","letter-spacing":"","color":"#14133b"},"h4_font":{"font-family":"IBM Plex Sans","font-options":"","google":"1","font-backup":"","font-weight":"600","font-style":"","subsets":"","text-align":"","font-size":"30px","line-height":"36px","letter-spacing":"","color":"#14133b"},"h5_font":{"font-family":"IBM Plex Sans","font-options":"","google":"1","font-backup":"","font-weight":"600","font-style":"","subsets":"","text-align":"","font-size":"24px","line-height":"30px","letter-spacing":"","color":"#14133b"},"h6_font":{"font-family":"IBM Plex Sans","font-options":"","google":"1","font-backup":"","font-weight":"600","font-style":"","subsets":"","text-align":"","font-size":"18px","line-height":"24px","letter-spacing":"","color":"#14133b"},"tb_logo":{"url":"https:\/\/motivoweb.com\/teba\/wp-content\/themes\/teba\/assets\/images\/logo.svg","id":"","height":"","width":"","thumbnail":"","title":"","caption":"","alt":"","description":""},"tb_logo_white":{"url":"https:\/\/motivoweb.com\/teba\/wp-content\/themes\/teba\/assets\/images\/logo-white.svg","id":"","height":"","width":"","thumbnail":"","title":"","caption":"","alt":"","description":""},"logo_height":{"height":"32px","units":"px"},"tb_header_layout":"header-v2","fixed_main_menu_v1":"","menu_color_v1":"color-dark","layout_menu_v1":"right","menu_first_level":{"font-family":"Roboto","font-options":"","google":"1","font-backup":"","font-weight":"","font-style":"","subsets":"","text-align":"","font-size":"62px","line-height":"68px","letter-spacing":"0px","color":"#fff"},"switch_social_v1":"1","text_v1":"","stick_main_menu_v2":"1","menu_first_level_v2":{"font-family":"Roboto","font-options":"","google":"1","font-backup":"","font-weight":"500","font-style":"","subsets":"","text-align":"","font-size":"15px","line-height":"28px","letter-spacing":"0px","color":"#14133b"},"bg_main_menu_v2":{"background-color":"#fff","background-repeat":"","background-size":"","background-attachment":"","background-position":"","background-image":"","media":{"id":"","height":"","width":"","thumbnail":""}},"menu_sub_level_v2":{"font-family":"Roboto","font-options":"","google":"1","font-backup":"","font-weight":"400","font-style":"","subsets":"","text-align":"","font-size":"14px","line-height":"23px","letter-spacing":"0px","color":"#14133b"},"bg_main_menu_sub_level_v2":{"background-color":"#fff","background-repeat":"","background-size":"","background-attachment":"","background-position":"","background-image":"","media":{"id":"","height":"","width":"","thumbnail":""}},"bg_stick_main_menu_v2":{"background-color":"rgba(255, 255, 255, 0.946);","background-repeat":"","background-size":"","background-attachment":"","background-position":"","background-image":"","media":{"id":"","height":"","width":"","thumbnail":""}},"menu_other_v2":["search","button"],"menu_but_txt_v2":"Get A Quote","menu_but_link_v2":"https:\/\/motivoweb.com\/teba\/company\/contact-us\/","sidepanelv2":"1","menu_height_v3":{"height":"100px","units":"px"},"bg_main_menu_v3":{"background-color":"transparent","background-repeat":"","background-size":"","background-attachment":"","background-position":"","background-image":"","media":{"id":"","height":"","width":"","thumbnail":""}},"menu_first_level_color_v3":"color-dark","menu_first_level_v3":{"font-family":"Roboto","font-options":"","google":"1","font-backup":"","font-weight":"700","font-style":"","subsets":"","text-align":"","font-size":"15px","line-height":"65px","letter-spacing":"0px","color":""},"bg_main_menu_sub_level_v3":{"background-color":"#fff","background-repeat":"","background-size":"","background-attachment":"","background-position":"","background-image":"","media":{"id":"","height":"","width":"","thumbnail":""}},"menu_sub_level_v3":{"font-family":"Roboto","font-options":"","google":"1","font-backup":"","font-weight":"400","font-style":"","subsets":"","text-align":"","font-size":"14px","line-height":"23px","letter-spacing":"0px","color":"#14133b"},"fixed_main_menu_v3":"1","menu_stick_height_v3":{"height":"70px","units":"px"},"bg_main_menu_stick_v3":{"background-color":"rgba(255, 255, 255, 0.946)","background-repeat":"","background-size":"","background-attachment":"","background-position":"","background-image":"","media":{"id":"","height":"","width":"","thumbnail":""}},"menu_first_level_color_stick_v3":"color-stick-dark","menu_other_v3":["button"],"menu_other_but_ques_v3":"Have Any Questions?","menu_other_but_v3":"+020.098.456","menu_other_but_link_v3":"tel:+020.098.456","stick_main_menu_v4":"","bg_main_menu_v4":{"background-color":"#fff","background-repeat":"","background-size":"","background-attachment":"","background-position":"","background-image":"","media":{"id":"","height":"","width":"","thumbnail":""}},"bg_main_menu_sub_level_v4":{"background-color":"#fff","background-repeat":"","background-size":"","background-attachment":"","background-position":"","background-image":"","media":{"id":"","height":"","width":"","thumbnail":""}},"bg_stick_main_menu_v4":{"background-color":"#fff","background-repeat":"","background-size":"","background-attachment":"","background-position":"","background-image":"","media":{"id":"","height":"","width":"","thumbnail":""}},"menu_first_level_v4":{"font-family":"Roboto","font-options":"","google":"1","font-backup":"","font-weight":"500","font-style":"","subsets":"","text-align":"","font-size":"15px","line-height":"20px","letter-spacing":"0px","color":"#14133b"},"menu_sub_level_v4":{"font-family":"Roboto","font-options":"","google":"1","font-backup":"","font-weight":"400","font-style":"","subsets":"","text-align":"","font-size":"14px","line-height":"23px","letter-spacing":"0px","color":"#14133b"},"stick_menu_first_level_v4":{"font-family":"IBM Plex Serif","font-options":"","google":"1","font-backup":"","font-weight":"500","font-style":"","subsets":"","text-align":"","font-size":"15px","line-height":"20px","letter-spacing":"0","color":"#14133b"},"menu_other_v4":["search","sidepanel","cart"],"bg_main_menu_top_v4":{"background-color":"#14133b","background-repeat":"","background-size":"","background-attachment":"","background-position":"","background-image":"","media":{"id":"","height":"","width":"","thumbnail":""}},"menu_top_level_v4":{"font-family":"Roboto","font-options":"","google":"1","font-backup":"","font-weight":"400","font-style":"","subsets":"","text-align":"","font-size":"14px","line-height":"20px","letter-spacing":"0px","color":"#fff"},"menu_top_v4":["phone","email","time","info"],"menu_top_phone_v4":" +020 768 65 79 ","menu_top_email_v4":" Info@motivo.com","menu_top_time_v4":"Mon - Fri: 90:00 - 21:00","menu_top_address_v4":"","menu_top_info_v4":" Are you need IT Support Engineer? <a href=\"#\">Free Consultant<\/a>","bg_main_menu_v5":{"background-color":"transparent","background-repeat":"","background-size":"","background-attachment":"","background-position":"","background-image":"","media":{"id":"","height":"","width":"","thumbnail":""}},"menu_first_level_v5":{"font-family":"Roboto","font-options":"","google":"1","font-backup":"","font-weight":"700","font-style":"","subsets":"","text-align":"","font-size":"15px","line-height":"80px","letter-spacing":"0px","color":"#fff"},"bg_main_menu_sub_level_v5":{"background-color":"#fff","background-repeat":"","background-size":"","background-attachment":"","background-position":"","background-image":"","media":{"id":"","height":"","width":"","thumbnail":""}},"menu_sub_level_v5":{"font-family":"Roboto","font-options":"","google":"1","font-backup":"","font-weight":"400","font-style":"","subsets":"","text-align":"","font-size":"14px","line-height":"23px","letter-spacing":"0px","color":"#14133b"},"stick_main_menu_v5":"1","bg_stick_menu_v5":{"background-color":"#fff","background-repeat":"","background-size":"","background-attachment":"","background-position":"","background-image":"","media":{"id":"","height":"","width":"","thumbnail":""}},"menu_other_v5":["social","search","sidepanel"],"menu_other_but_v5":"Let\u2019s Talk","menu_other_but_link_v5":"#","stick_main_menu_v6":"1","bg_main_menu_v6":{"background-color":"#fff","background-repeat":"","background-size":"","background-attachment":"","background-position":"","background-image":"","media":{"id":"","height":"","width":"","thumbnail":""}},"bg_main_menu_sub_level_v6":{"background-color":"#fff","background-repeat":"","background-size":"","background-attachment":"","background-position":"","background-image":"","media":{"id":"","height":"","width":"","thumbnail":""}},"bg_stick_main_menu_v6":{"background-color":"#fff","background-repeat":"","background-size":"","background-attachment":"","background-position":"","background-image":"","media":{"id":"","height":"","width":"","thumbnail":""}},"menu_first_level_v6":{"font-family":"Roboto","font-options":"","google":"1","font-backup":"","font-weight":"500","font-style":"","subsets":"","text-align":"","font-size":"15px","line-height":"20px","letter-spacing":"0px","color":"#14133b"},"menu_sub_level_v6":{"font-family":"Roboto","font-options":"","google":"1","font-backup":"","font-weight":"400","font-style":"","subsets":"","text-align":"","font-size":"14px","line-height":"23px","letter-spacing":"0px","color":"#14133b"},"menu_other_v6":["sidepanel","button"],"menu_other_but_ques_v6":"Have Any Questions?","menu_other_but_v6":"+020.098.456","menu_other_but_link_v6":"tel:+020.098.456","stick_main_menu_v7":"1","bg_main_menu_v7":{"background-color":"transparent","background-repeat":"","background-size":"","background-attachment":"","background-position":"","background-image":"","media":{"id":"","height":"","width":"","thumbnail":""}},"bg_main_menu_sub_level_v7":{"background-color":"#fff","background-repeat":"","background-size":"","background-attachment":"","background-position":"","background-image":"","media":{"id":"","height":"","width":"","thumbnail":""}},"bg_stick_main_menu_v7":{"background-color":"#fff","background-repeat":"","background-size":"","background-attachment":"","background-position":"","background-image":"","media":{"id":"","height":"","width":"","thumbnail":""}},"menu_first_level_v7":{"font-family":"Roboto","font-options":"","google":"1","font-backup":"","font-weight":"700","font-style":"","subsets":"","text-align":"","font-size":"15px","line-height":"20px","letter-spacing":"0px","color":"#fff"},"menu_sub_level_v7":{"font-family":"Roboto","font-options":"","google":"1","font-backup":"","font-weight":"400","font-style":"","subsets":"","text-align":"","font-size":"14px","line-height":"23px","letter-spacing":"0px","color":"#14133b"},"stick_menu_first_level_v7":{"font-family":"Roboto","font-options":"","google":"1","font-backup":"","font-weight":"","font-style":"","subsets":"","text-align":"","font-size":"15px","line-height":"20px","letter-spacing":"0px","color":"#14133b"},"menu_other_v7":["button"],"menu_other_but_v7":"Free Consultant","menu_other_but_link_v7":"https:\/\/motivoweb.com\/teba\/company\/contact-us\/","menu_top_v7":["phone","email","time","info"],"menu_top_phone_v7":"+020 768 65 79 ","menu_top_email_v7":" Info@motivo.com","menu_top_time_v7":"Mon - Fri: 90:00 - 21:00","menu_top_address_v7":"","menu_top_info_v7":" Are you need IT Support Engineer? <a href=\"https:\/\/motivoweb.com\/teba\/?page_id=516\">Free Consultant<\/a>","sidepanel_content_v2":["nav","social","right_sec"],"menu_sidepanel_v2":{"font-family":"Roboto","font-options":"","google":"1","font-backup":"","font-weight":"700","font-style":"","subsets":"","text-align":"","font-size":"34px","line-height":"40px","letter-spacing":"-1px","color":"#fff"},"link_lang":"En","link_en":"","link_fr":"","link_ge":"","link_de":"","link_ro":"","link_ar":"","tb_footer_layout":"footer-v1","tb_footer_margin":{"margin-top":"0","margin-right":"0","margin-bottom":"0","margin-left":"0","units":"px"},"tb_footer_padding":{"padding-top":"0","padding-right":"0","padding-bottom":"0","padding-left":"0","units":"px"},"tb_footer_backgroud":{"background-color":"#060816","background-repeat":"","background-size":"","background-attachment":"","background-position":"","background-image":"","media":{"id":"","height":"","width":"","thumbnail":""}},"tb_footer_title_typography":{"font-family":"IBM Plex Sans","font-options":"","google":"1","font-backup":"","font-weight":"600","font-style":"","subsets":"","text-align":"","font-size":"19px","line-height":"32px","letter-spacing":"0px","color":"#fff"},"tb_footer_typography":{"font-family":"Roboto","font-options":"","google":"1","font-backup":"","font-weight":"400","font-style":"","subsets":"","text-align":"","font-size":"15px","line-height":"29px","letter-spacing":"0px","color":"rgba(255, 255, 255, 0.7)"},"tb_footer_V1_fixed":"","tb_footer_to_top":"1","tb_footer_v2_margin":{"margin-top":"0","margin-right":"0","margin-bottom":"0","margin-left":"0","units":"px"},"tb_footer_v2_padding":{"padding-top":"90px","padding-right":"","padding-bottom":"90px","padding-left":"","units":"px"},"tb_footer_v2_backgroud":{"background-color":"#14133b","background-repeat":"","background-size":"","background-attachment":"","background-position":"","background-image":"","media":{"id":"","height":"","width":"","thumbnail":""}},"tb_footer_v2_title_typography":{"font-family":"IBM Plex Sans","font-options":"","google":"1","font-backup":"","font-weight":"600","font-style":"","subsets":"","text-align":"","font-size":"16px","line-height":"26px","letter-spacing":"0px","color":"#fff"},"tb_footer_v2_typography":{"font-family":"Roboto","font-options":"","google":"1","font-backup":"","font-weight":"400","font-style":"","subsets":"","text-align":"","font-size":"15px","line-height":"29px","letter-spacing":"0px","color":"rgba(255, 255, 255, 0.5)"},"tb_footer_v2_to_top":"1","tb_footer_v3_margin":{"margin-top":"0","margin-right":"0","margin-bottom":"0","margin-left":"0","units":"px"},"tb_footer_v3_padding":{"padding-top":"0","padding-right":"0","padding-bottom":"0","padding-left":"0","units":"px"},"tb_footer_v3_backgroud":{"background-color":"#fff","background-repeat":"","background-size":"","background-attachment":"","background-position":"","background-image":"","media":{"id":"","height":"","width":"","thumbnail":""}},"tb_footer_v3_title_typography":{"font-family":"IBM Plex Sans","font-options":"","google":"1","font-backup":"","font-weight":"600","font-style":"","subsets":"","text-align":"","font-size":"16px","line-height":"26px","letter-spacing":"0px","color":"#14133b"},"tb_footer_v3_typography":{"font-family":"Roboto","font-options":"","google":"1","font-backup":"","font-weight":"400","font-style":"","subsets":"","text-align":"","font-size":"15px","line-height":"25px","letter-spacing":"0px","color":"#6a7c92"},"tb_footer_V3_fixed":"","tb_footer_v3_to_top":"1","tb_footer_v4_margin":{"margin-top":"0","margin-right":"0","margin-bottom":"0","margin-left":"0","units":"px"},"tb_footer_v4_padding":{"padding-top":"90px","padding-right":"0","padding-bottom":"0","padding-left":"0","units":"px"},"tb_footer_v4_backgroud":{"background-color":"#f7f8fd","background-repeat":"","background-size":"","background-attachment":"","background-position":"","background-image":"","media":{"id":"","height":"","width":"","thumbnail":""}},"tb_footer_v4_title_typography":{"font-family":"IBM Plex Sans","font-options":"","google":"1","font-backup":"","font-weight":"600","font-style":"","subsets":"","text-align":"","font-size":"16px","line-height":"26px","letter-spacing":"0px","color":"#14133b"},"tb_footer_v4_typography":{"font-family":"Roboto","font-options":"","google":"1","font-backup":"","font-weight":"400","font-style":"","subsets":"","text-align":"","font-size":"15px","line-height":"29px","letter-spacing":"0px","color":"#6a7c92"},"tb_footer_v4_fixed":"","tb_footer_v4_to_top":"1","tb_page_title_layout":"pagetitle-v2","tb_title_bar_bg":{"background-color":"#252b33","background-repeat":"no-repeat","background-size":"cover","background-attachment":"fixed","background-position":"center center","background-image":"https:\/\/motivoweb.com\/teba\/wp-content\/themes\/teba\/assets\/images\/bg-titlebar.jpg","media":{"id":"","height":"","width":"","thumbnail":""}},"tb_show_page_title":"1","tb_show_page_breadcrumb":"1","title_bar_heading":{"font-family":"IBM Plex Sans","font-options":"","google":"1","font-backup":"","font-weight":"700","font-style":"","subsets":"","text-align":"","font-size":"48px","line-height":"54px","letter-spacing":"0px","color":"#fff"},"title_bar_path":{"font-family":"Roboto","font-options":"","google":"1","font-backup":"","font-weight":"700","font-style":"","subsets":"","text-align":"","font-size":"15px","line-height":"20px","letter-spacing":"0px","color":"#fff"},"title_bar_subtext":"","title_bar_subtext_format":{"font-family":"Roboto","font-options":"","google":"1","font-backup":"","font-weight":"400","font-style":"","subsets":"","text-align":"","font-size":"13px","line-height":"20px","letter-spacing":"0.64px","color":"rgba(255,255,255,0.5)"},"page_breadcrumb_delimiter":"\/","tb_archive_title_bar":"","tb_archive_title_bar_bg":{"background-color":"#252b33","background-repeat":"no-repeat","background-size":"cover","background-attachment":"fixed","background-position":"center center","background-image":"https:\/\/motivoweb.com\/teba\/wp-content\/themes\/teba\/teba\/assets\/images\/bg-titlebar.jpg","media":{"id":"","height":"","width":"","thumbnail":""}},"tb_post_layout":"1col","tb_post_header_layout":"img_overlay","post-meta-single":["author","date","like","cat","tag","view"],"post_share":["sticky"],"tb_post_show_nav":"1","tb_post_show_author":"1","tb_related_post":"1","tb_post_show_comment":"1","tb_blog_layout":"2cr","tb_portfolio_layout":"portfolio-full","tb_portfolio_full_thumbnail":"0","tb_portfolio_meta_single":["date","like","cat","view","share"],"tb_portfolio_show_nav":"1","tb_related_portfolio":"1","page_padding":{"padding-top":"60px","padding-right":"0","padding-bottom":"60px","padding-left":"0","units":"px"},"page_bg":{"background-color":"#fff","background-repeat":"","background-size":"","background-attachment":"","background-position":"","background-image":"","media":{"id":"","height":"","width":"","thumbnail":""}},"page_comment":"1","error-404-bg":{"background-color":"#1a1831","background-repeat":"no-repeat","background-size":"cover","background-attachment":"fixed","background-position":"center center","background-image":"https:\/\/motivoweb.com\/teba\/wp-content\/themes\/teba\/assets\/images\/404.jpg","media":{"id":"","height":"","width":"","thumbnail":""}},"error-404-title":"404","error-404-subtitle":"Oops! That page can\u2019t be found.","error-404-content":"It looks like nothing was found at this location. Maybe try a search?","error-404-btn":"on","error-404-btn-title":"Back to home","facebook_url":"#","twitter_url":"#","linkedin_url":"#","youtube_url":"","instagram_url":"#","pinterest_url":"","dribbble_url":"","deviantart_url":"","flickr_url":"","rss_url":"","tumblr_url":"","vimeo_url":"","skype_url":"","Soundcloud_url":"","behance_url":"","tripadvisor_url":"","redux-backup":"1"}