{"teba-main-sidebar":{"search-2":{"title":"Search on blog"},"mo_post_list-2":{"title":"Post List","category":"","posts_per_page":"3","orderby":"none","order":"none","el_class":""},"tag_cloud-2":{"title":"TAG CLOUD","count":0,"taxonomy":"post_tag"},"categories-3":{"title":"","count":1,"hierarchical":0,"dropdown":0}},"teba-sidepanel":{"text-6":{"title":"","text":"<h3>let's make something together<\/h3>\r\n<p class=\"subtitle\">Give us a call or drop by anytime, we endeavour to answer all enquiries within 24 hours on business days.<\/p>\r\n\r\n<h6 class=\"color-main\">Find us<\/h6>\r\nPO Box 16122 Collins Street West\r\nVictoria 8007 Australia\r\n<h6 class=\"color-main\">Email us<\/h6>\r\ninfo@domain.com\r\nexample@domain.com\r\n<h6 class=\"color-main\">Phone support<\/h6>\r\nPhone: + (066) 0760 0260\r\n+ (057) 0760 0560","filter":true,"visual":true}},"teba-footer-widget":{"text-10":{"title":"","text":"<img class=\"Logo_white\" src=\"https:\/\/motivoweb.com\/teba\/wp-content\/themes\/teba\/assets\/images\/logo-white.svg\" alt=\"logo\" \/> <img class=\"logo_dark\" src=\"https:\/\/motivoweb.com\/teba\/wp-content\/themes\/teba\/assets\/images\/logo.svg\" alt=\"logo\" \/> We are the best world Information Technology Company. Providing the highest quality in hardware, Software &amp; Network solutions.","filter":true,"visual":true}},"teba-footer-widget-2":{"nav_menu-5":{"title":"IT Services","nav_menu":40}},"teba-footer-widget-3":{"nav_menu-6":{"title":"Important Links","nav_menu":41}},"teba-footer-widget-4":{"text-8":{"title":"Get In Touch","text":"<ul class=\"contact-list\">\r\n<li><strong>Phone:<\/strong>  (057)253-321-456<\/li> \r\n<li><strong>Email:<\/strong> Info@Motivoweb.com<\/li>\r\n<li><strong>Office Address:<\/strong>  Collins Street West Victoria 8007 Australia<\/li>\r\n<\/ul>","filter":true,"visual":true}},"teba-footer-widget-5":{"nav_menu-7":{"title":"Support","nav_menu":42},"teba_widget_social-3":{"title":"","target":false,"facebook":"#","twitter":"#","dribbble":"","linkedin":"","flickr":"","tumblr":"","vimeo":"","youtube":"#","instagram":"#","pinterest":"","deviantart":"","behance":""}},"teba-footer-widget-6":{"text-9":{"title":"","text":"\u00a92020 Teba, All Rights Reserved. With Love by <a class=\"color-main\" href=\"https:\/\/themeforest.net\/user\/motivoweb\/portfolio\" target=\"_blank\" rel=\"nofollow\" >MotivoWeb.com<\/a>","filter":true,"visual":true}},"teba-shop-sidebar":{"woocommerce_products-2":{"title":"Products","number":4,"show":"","orderby":"date","order":"desc","hide_free":0,"show_hidden":0},"woocommerce_product_tag_cloud-2":{"title":"Product tags"},"woocommerce_product_categories-2":{"title":"Product categories","orderby":"name","dropdown":0,"count":0,"hierarchical":1,"show_children_only":0,"hide_empty":0,"max_depth":""}}}